name,price
BaByliss - 5336NPE - Sèche-cheveux Elegance 2100,6479
"Remington AS7500 Brosse soufflante à air chaud À chaleur Noir, Champagne 1000 W 1,8 m",7239
Sèche-cheveux Babyliss 5790PE Titanium Gold 2300,8309
SECHE CHEVEUX PRO Saint Algue 20034,14900
Sèche-Cheveux BABYLISS - D374DE,4730
Italian Design GTI 2600 Plus Prime sèche-cheveux 2200 W Noir,8990
Sèche-cheveux avec diffuseur GTI 2600 Plus,9350
"ID Italian IDERD-508 brosse soufflante et fer à lisser Fer à boucler À chaleur Bleu, Rose 25 W 1,7 m",6000
BaByliss  - 6709DE - Sèche-cheveux Smooth Pro 2100 Moteur AC,4490
"Fer à lisser professionnel Gold Styler Volume Round - plaques pivotantes, céramique - 65W",35900
"PostQuam IDEULTRACURL brosse soufflante et fer à lisser Fer à boucler À chaleur Noir, Or",9350
"Remington S6500 brosse soufflante et fer à lisser À chaleur Noir 2,5 m",3241
Fer a Lisser REMINGTON Lisseur Keratin Therapy S8590,12406
"BaByliss Pure Metal Fer à lisser À chaleur Chrome, Métallique 1,8 m",13227
Sèche-cheveux Rowenta CV8730 2200W Noir,15532
Sèche-cheveux Parlux Aylon Ionique (3 pcs),19651
Sèche-cheveux Parlux 2100W,22829
Sèche-cheveux Parlux Digitalyon Argenté Ionique (2 pcs),25625
Sèche-cheveux Parlux,17186
Adler AD 2251 sèche-cheveux 1400 W Noir,3863
Braun HD 710 sèche-cheveux 2200 W Noir,7355
"Philips MoistureProtect Sèche-cheveux , capteur",8477
ProfiCare PC-HTH 3003 sèche-cheveux 400 W Blanc,4298
SECHE CHEVEUX VALERA SXJ 7500 DRC,9999
Tristar HD-2358 Sèche-cheveux,2955
Valera Hotello sèche-cheveux 1200 W Blanc,12990
Clatronic HC 3660 Fer à lisser À chaleur Noir 33 W,2643
Sèche-cheveux et lisseur 3 en 1 Sèche-cheveux et brosse AGD,3990
Brosse 3en1 Séchante Et Volumisante Air Pro2 Yoghi,8999
Mini lisseur sans fil,4464
Brosse à Cheveux 2 en 1 - Sèche-Cheveux et Styler,2490
"ID Italian IDET2600PLUS sèche-cheveux 2200 W Noir, Rouge",8990
